ÈÕ¸¶, é_Ê¼•r¿Ì,½KÁË•r¿Ì,ÐÝí¬•rég
1, , , 
2, , , 
3, 10:00, 20:15, 1:00
4, 10:00, 20:00, 1:00
5, 10:00, 20:15, 1:00
6, 10:00, 20:00, 1:00
7, 10:00, 19:30, 1:00
8, , , 
9, , , 
10, 10:00, 21:30, 1:00
11, 10:00, 21:00, 1:00
12, 10:00, 21:30, 1:00
13, 10:00, 20:00, 1:00
14, , , 
15, , , 
16, , , 
17, 10:00, 20:00, 1:00
18, 10:00, 20:00, 1:00
19, , , 
20, 10:00, 20:30, 1:00
21, 9:00, 20:00, 1:00
22, , , 
23, , , 
24, 10:00, 21:30, 1:00
25, 10:00, 20:30, 1:00
26, 10:00, 21:00, 1:00
27, 10:00, 20:30, 1:00
28, 10:00, 19:15, 1:00
29, , , 
30, , , 
